<rdf:RDF
    xmlns:rdf="http://www.w3.org/1999/02/22-rdf-syntax-ns#"
    xmlns:dcterms="http://purl.org/dc/terms/">
  <rdf:Description rdf:about="file:///example1.xml">
    <dcterms:created>2013-05-12T16:46:18.834+01:00</dcterms:created>
    <dcterms:creator>Stuart Moodie</dcterms:creator>
    <dcterms:modified>2013-05-15T16:46:25.731+01:00</dcterms:modified>
  </rdf:Description>
  <rdf:Description rdf:about="file:///example1.xml#e16">
    <dcterms:modified>2013-05-14T16:46:25.731+01:00</dcterms:modified>
  </rdf:Description>
</rdf:RDF>
