<?xml version="1.0" encoding="UTF-8"?>
<PharmML xmlns:xsi="http://www.w3.org/2001/XMLSchema-instance"
    xmlns="http://www.pharmml.org/2013/03/PharmML"
    xsi:schemaLocation="http://www.pharmml.org/2013/03/PharmML http://www.pharmml.org/2013/03/PharmML"
    xmlns:math="http://www.pharmml.org/2013/03/Maths"
    xmlns:ct="http://www.pharmml.org/2013/03/CommonTypes"
    xmlns:ds="http://www.pharmml.org/2013/08/Dataset"
    xmlns:mdef="http://www.pharmml.org/2013/03/ModelDefinition"
    xmlns:mstep="http://www.pharmml.org/2013/03/ModellingSteps"
    xmlns:mml="http://www.pharmml.org/2013/03/PharmML"
    writtenVersion="0.1">
    
    <ct:Name>Example 1 - continuous PK/PD</ct:Name>
    <IndependentVariable symbId="t"/>
    <FunctionDefinition xmlns="http://www.pharmml.org/2013/03/CommonTypes"
        symbId="constantErrorModel" symbolType="real">
        <FunctionArgument symbId="a" symbolType="real"/>
        <Definition>
            <Equation xmlns="http://www.pharmml.org/2013/03/Maths">
                <ct:SymbRef symbIdRef="a"/>
            </Equation>
        </Definition>
    </FunctionDefinition>
    <FunctionDefinition xmlns="http://www.pharmml.org/2013/03/CommonTypes"
        symbId="combinedErrorModel" symbolType="real">
        <FunctionArgument symbId="a" symbolType="real"/>
        <FunctionArgument symbId="b" symbolType="real"/>
        <FunctionArgument symbId="f" symbolType="real"/>
        <Definition>
            <Equation xmlns="http://www.pharmml.org/2013/03/Maths">
                <Binop op="plus">
                    <ct:SymbRef symbIdRef="a"/>
                    <Binop op="times">
                        <ct:SymbRef symbIdRef="b"/>
                        <ct:SymbRef symbIdRef="f"/>
                    </Binop>
                </Binop>
            </Equation>
        </Definition>
    </FunctionDefinition>
    <ModelDefinition xmlns="http://www.pharmml.org/2013/03/ModelDefinition">
        <VariabilityModel blkId="model" type="model">
            <Level symbId="indiv">
                <ct:Name>Individual Variability</ct:Name>
            </Level>
        </VariabilityModel>
        <VariabilityModel blkId="obsErr" type="error">
            <Level symbId="residual">
                <ct:Name>Residual Error</ct:Name>
            </Level>
        </VariabilityModel>
        <CovariateModel blkId="c1">
            <SimpleParameter symbId="pop_W"/>
            <SimpleParameter symbId="omega_W"/>
            <Covariate symbId="W">
                <Continuous>
                    <NormalDistribution xmlns="http://www.uncertml.org/3.0" definition="http://www.uncertml.org/distributions/normal">
                        <mean>
                            <var varId="pop_W"/>
                        </mean>
                        <variance>
                            <var varId="omega_W"/>
                        </variance>
                    </NormalDistribution>
                    <Transformation>
                        <Equation xmlns="http://www.pharmml.org/2013/03/Maths">
                            <Uniop op="log">
                                <Binop op="divide">
                                    <ct:SymbRef symbIdRef="W"/>
                                    <ct:Real>70.0</ct:Real>
                                </Binop>
                            </Uniop>
                        </Equation>
                    </Transformation>
                </Continuous>
            </Covariate>
        </CovariateModel>
        <ParameterModel blkId="p1">
            <!-- V -->
            <SimpleParameter symbId="beta_V"/>
            <SimpleParameter symbId="pop_V"/>
            <SimpleParameter symbId="omega_V"/>
            <RandomVariable id="e16" symbId="eta_V">
                <ct:VariabilityReference>
                   <ct:SymbRef blkIdRef="model" symbIdRef="level"/>
                </ct:VariabilityReference>
                <NormalDistribution xmlns="http://www.uncertml.org/3.0" definition="">
                    <mean><rVal>0</rVal></mean>
                    <stddev><var varId="omega_V"/></stddev>
                </NormalDistribution>                            
            </RandomVariable>
            <IndividualParameter symbId="V">
                <GaussianModel>
                    <Transformation>log</Transformation>
                    <LinearCovariate>
                        <PopulationParameter>
                            <ct:Assign>
                                <ct:SymbRef symbIdRef="pop_V"/>
                            </ct:Assign>
                        </PopulationParameter>
                        <Covariate>
                            <ct:SymbRef blkIdRef="c1" symbIdRef="W"/>
                            <FixedEffect>
                                <ct:SymbRef symbIdRef="beta_V"/>
                            </FixedEffect>
                        </Covariate>
                    </LinearCovariate>
                    <RandomEffects>
                        <ct:SymbRef symbIdRef="eta_V"/>
                    </RandomEffects>
                </GaussianModel>
            </IndividualParameter>
            <!-- ka -->
            <SimpleParameter symbId="pop_ka"/>
            <SimpleParameter symbId="omega_ka"/>
            <RandomVariable symbId="eta_ka">
                <ct:VariabilityReference>
                    <ct:SymbRef blkIdRef="model" symbIdRef="indiv"/>
                </ct:VariabilityReference>
                <NormalDistribution xmlns="http://www.uncertml.org/3.0" definition="http://www.uncertml.org/distributions/normal">
                    <mean><rVal>0</rVal></mean>
                    <stddev><var varId="omega_ka"/></stddev>
                </NormalDistribution>
            </RandomVariable>
            <IndividualParameter symbId="ka">
                <GaussianModel>
                    <Transformation>log</Transformation>
                    <LinearCovariate>
                        <PopulationParameter>
                            <ct:Assign>
                                <ct:SymbRef symbIdRef="pop_ka"/>
                            </ct:Assign>
                        </PopulationParameter>
                    </LinearCovariate>
                    <RandomEffects>
                        <ct:SymbRef symbIdRef="eta_ka"/>
                    </RandomEffects>
                </GaussianModel>
            </IndividualParameter>
            <!-- Imax -->
            <SimpleParameter symbId="pop_Imax"/>
            <SimpleParameter symbId="omega_Imax"/>
            <RandomVariable symbId="eta_Imax">
                <ct:VariabilityReference>
                    <ct:SymbRef blkIdRef="model" symbIdRef="indiv"/>
                </ct:VariabilityReference>
                <NormalDistribution xmlns="http://www.uncertml.org/3.0"
                    definition="http://www.uncertml.org/distributions/normal">
                    <mean><rVal>0</rVal></mean>
                    <stddev><var varId="omega_Imax"/></stddev>
                </NormalDistribution>
            </RandomVariable>
            <IndividualParameter symbId="Imax">
                <GaussianModel>
                    <Transformation>logit</Transformation>
                    <LinearCovariate>
                        <PopulationParameter>
                            <ct:Assign><ct:SymbRef symbIdRef="pop_Imax"/></ct:Assign>
                        </PopulationParameter>
                    </LinearCovariate>
                    <RandomEffects>
                        <ct:SymbRef symbIdRef="eta_Imax"/>
                    </RandomEffects>
                </GaussianModel>
            </IndividualParameter>
            <!-- CL -->
            <SimpleParameter symbId="pop_Cl"/>
            <SimpleParameter symbId="omega_Cl"/>
            <SimpleParameter symbId="beta_Cl"/>
            <SimpleParameter symbId="rho_V_Cl"/>
            <RandomVariable symbId="eta_Cl">
                <ct:VariabilityReference>
                    <ct:SymbRef blkIdRef="model" symbIdRef="indiv"/>
                </ct:VariabilityReference>
                <NormalDistribution xmlns="http://www.uncertml.org/3.0"
                    definition="http://www.uncertml.org/distributions/normal">
                    <mean><rVal>0</rVal></mean>
                    <stddev><var varId="omega_Cl"/></stddev>
                </NormalDistribution>
            </RandomVariable>
            <IndividualParameter symbId="Cl">
                <GaussianModel>
                    <Transformation>log</Transformation>
                    <LinearCovariate>
                        <PopulationParameter>
                            <ct:Assign><ct:SymbRef symbIdRef="pop_Cl"></ct:SymbRef></ct:Assign>
                        </PopulationParameter>
                        <Covariate>
                            <ct:SymbRef blkIdRef="c1" symbIdRef="W"/>
                            <FixedEffect>
                                <ct:SymbRef symbIdRef="beta_Cl"/>
                            </FixedEffect>
                        </Covariate>
                    </LinearCovariate>
                    <RandomEffects>
                        <ct:SymbRef symbIdRef="eta_Cl"/>
                    </RandomEffects>
                </GaussianModel>
            </IndividualParameter>
            <!-- Rin -->
            <SimpleParameter symbId="pop_Rin"/>
            <SimpleParameter symbId="omega_Rin"/>
            <RandomVariable symbId="eta_Rin">
                <ct:VariabilityReference>
                    <ct:SymbRef blkIdRef="model" symbIdRef="indiv"/>
                </ct:VariabilityReference>
                <NormalDistribution xmlns="http://www.uncertml.org/3.0"
                    definition="http://www.uncertml.org/distributions/normal">
                    <mean><rVal>0</rVal></mean>
                    <stddev><var varId="omega_Rin"/></stddev>
                </NormalDistribution>
            </RandomVariable>
            <IndividualParameter symbId="Rin">
                <ct:Assign>
                    <Equation xmlns="http://www.pharmml.org/2013/03/Maths">
                        <Binop op="times">
                            <ct:SymbRef symbIdRef="pop_R_in"/>
                            <Uniop op="exp">
                                <ct:SymbRef symbIdRef="eta_R_in"/>
                            </Uniop>
                        </Binop>
                    </Equation>
                </ct:Assign>
            </IndividualParameter>
            <!-- kout -->
            <SimpleParameter symbId="pop_kout"/>
            <SimpleParameter symbId="omega_kout"/>
            <RandomVariable symbId="eta_kout">
                <ct:VariabilityReference>
                    <ct:SymbRef blkIdRef="model" symbIdRef="indiv"/>
                </ct:VariabilityReference>
                <NormalDistribution xmlns="http://www.uncertml.org/3.0"
                    definition="http://www.uncertml.org/distributions/normal">
                    <mean><rVal>0</rVal></mean>
                    <stddev><var varId="omega_kout"/></stddev>
                </NormalDistribution>
            </RandomVariable>
            <IndividualParameter symbId="kout">
                <GaussianModel>
                    <Transformation>log</Transformation>
                    <GeneralCovariate>
                        <ct:Assign>
                            <Equation xmlns="http://www.pharmml.org/2013/03/Maths">
                                <Binop op="plus">
                                    <Uniop op="log">
                                        <ct:SymbRef symbIdRef="pop_kout"/>
                                    </Uniop>
                                    <ct:SymbRef symbIdRef="eta_kout"/>
                                </Binop>
                            </Equation>
                        </ct:Assign>
                    </GeneralCovariate>
                    <RandomEffects>
                        <ct:SymbRef symbIdRef="eta_kout"/>
                    </RandomEffects>
                </GaussianModel>
            </IndividualParameter>
            <!-- IC50 -->
            <SimpleParameter symbId="pop_IC50"/>
            <SimpleParameter symbId="omega_IC50"/>
            <RandomVariable symbId="eta_IC50">
                <ct:VariabilityReference>
                    <ct:SymbRef blkIdRef="model" symbIdRef="indiv"/>
                </ct:VariabilityReference>
                <NormalDistribution xmlns="http://www.uncertml.org/3.0"
                    definition="http://www.uncertml.org/distributions/normal">
                    <mean><rVal>0</rVal></mean>
                    <stddev><var varId="omega_IC50"/></stddev>
                </NormalDistribution>
            </RandomVariable>
            <IndividualParameter symbId="IC50">
                <GaussianModel>
                    <Transformation>log</Transformation>
                    <LinearCovariate>
                        <PopulationParameter>
                            <ct:Assign>
                                <ct:SymbRef symbIdRef="pop_IC50"/>
                            </ct:Assign>
                        </PopulationParameter>
                    </LinearCovariate>
                    <RandomEffects>
                        <ct:SymbRef symbIdRef="eta_IC50"/>
                    </RandomEffects>
                </GaussianModel>
            </IndividualParameter>
            <Correlation>
                <ct:VariabilityReference>
                    <ct:SymbRef blkIdRef="model" symbIdRef="indiv"/>
                </ct:VariabilityReference>
                <RandomVariable1>
                    <ct:SymbRef symbIdRef="eta_V"/>
                </RandomVariable1>
                <RandomVariable2>
                    <ct:SymbRef symbIdRef="eta_Cl"/>
                </RandomVariable2>
                <CorrelationCoefficient>
                    <ct:SymbRef symbIdRef="rho_V_Cl"/>
                </CorrelationCoefficient>
            </Correlation>
        </ParameterModel>
        <StructuralModel blkId="main">
            <ct:Variable symbId="k" symbolType="real">
                <ct:Assign>
                    <Equation xmlns="http://www.pharmml.org/2013/03/Maths">
                        <Binop op="divide">
                            <ct:SymbRef blkIdRef="p1" symbIdRef="Cl"/>
                            <ct:SymbRef blkIdRef="p1" symbIdRef="V"/>
                        </Binop>
                    </Equation>
                </ct:Assign>
            </ct:Variable>
            <ct:DerivativeVariable symbId="Ad" symbolType="real">
                <ct:Assign>
                    <Equation xmlns="http://www.pharmml.org/2013/03/Maths">
                        <Binop op="times">
                            <Uniop op="minus">
                                <ct:SymbRef blkIdRef="p1" symbIdRef="ka"/>
                            </Uniop>
                            <ct:SymbRef symbIdRef="Ad"/>
                        </Binop>
                    </Equation>
                </ct:Assign>
                <ct:IndependentVariable>
                    <ct:SymbRef symbIdRef="t"/>
                </ct:IndependentVariable>
                <ct:InitialCondition>
                    <ct:Assign>
                        <ct:Real>0</ct:Real>
                    </ct:Assign>
                </ct:InitialCondition>
            </ct:DerivativeVariable>
            <ct:DerivativeVariable symbId="Ac" symbolType="real">
                <ct:Assign>
                    <Equation xmlns="http://www.pharmml.org/2013/03/Maths">
                        <Binop op="minus">
                            <Binop op="times">
                                <ct:SymbRef blkIdRef="p1" symbIdRef="ka"/>
                                <ct:SymbRef symbIdRef="Ad"/>
                            </Binop>
                            <Binop op="times">
                                <ct:SymbRef symbIdRef="k"/>
                                <ct:SymbRef symbIdRef="Ac"/>
                            </Binop>
                        </Binop>
                    </Equation>
                </ct:Assign>
                <ct:IndependentVariable>
                    <ct:SymbRef symbIdRef="t"/>
                </ct:IndependentVariable>
                <ct:InitialCondition>
                    <ct:Assign>
                        <ct:Real>0</ct:Real>
                    </ct:Assign>
                </ct:InitialCondition>
            </ct:DerivativeVariable>
            <ct:DerivativeVariable symbId="E" symbolType="real">
                <ct:Description>PCA</ct:Description>
                <ct:Assign>
                    <Equation xmlns="http://www.pharmml.org/2013/03/Maths">
                        <Binop op="minus">
                            <Binop op="times">
                                <ct:SymbRef blkIdRef="p1" symbIdRef="Rin"/>
                                <Binop op="minus">
                                    <ct:Real>1</ct:Real>
                                    <Binop op="divide">
                                        <Binop op="times">
                                            <ct:SymbRef blkIdRef="p1" symbIdRef="Imax"/>
                                            <ct:SymbRef symbIdRef="Cc"/>
                                        </Binop>
                                        <Binop op="plus">
                                            <ct:SymbRef symbIdRef="Cc"/>
                                            <ct:SymbRef blkIdRef="p1" symbIdRef="IC50"/>
                                        </Binop>
                                    </Binop>
                                </Binop>
                            </Binop>
                            <Binop op="times">
                                <ct:SymbRef blkIdRef="p1" symbIdRef="kout"/>
                                <ct:SymbRef symbIdRef="E"/>
                            </Binop>
                        </Binop>
                    </Equation>
                </ct:Assign>
                <ct:IndependentVariable>
                    <ct:SymbRef symbIdRef="t"/>
                </ct:IndependentVariable>
                <ct:InitialCondition>
                    <ct:Assign>
                        <Equation xmlns="http://www.pharmml.org/2013/03/Maths">
                            <Binop op="divide">
                                <ct:SymbRef symbIdRef="Rin"/>
                                <ct:SymbRef symbIdRef="kout"/>
                            </Binop>
                        </Equation>
                    </ct:Assign>
                </ct:InitialCondition>
            </ct:DerivativeVariable>
            <ct:DerivativeVariable symbId="Cc" symbolType="real">
                <ct:Description>Concentration</ct:Description>
                <ct:Assign>
                    <Equation xmlns="http://www.pharmml.org/2013/03/Maths">
                        <Binop op="divide">
                            <ct:SymbRef symbIdRef="Ac"/>
                            <ct:SymbRef symbIdRef="V"/>
                        </Binop>
                    </Equation>
                </ct:Assign>
            </ct:DerivativeVariable>
        </StructuralModel>
        <ObservationModel blkId="o1">
            <SimpleParameter symbId="a"/>
            <RandomVariable symbId="epsilon_E">
                <ct:VariabilityReference>
                    <ct:SymbRef blkIdRef="obsErr" symbIdRef="residual"/>
                </ct:VariabilityReference>
                <NormalDistribution xmlns="http://www.uncertml.org/3.0"
                    definition="http://www.uncertml.org/distributions/normal">
                    <mean><rVal>0</rVal></mean>
                    <stddev><var varId="sigma_E"/></stddev>
                </NormalDistribution>
            </RandomVariable>
            <General symbId="E">
                <ct:Assign>
                    <math:Equation>
                        <math:Binop op="plus">
                            <ct:SymbRef blkIdRef="main" symbIdRef="E"/>
                            <math:Binop op="times">
                                <math:FunctionCall>
                                    <ct:SymbRef symbIdRef="constantErrorModel"/>
                                    <math:FunctionArgument symbId="a">
                                        <ct:SymbRef symbIdRef="a"/>
                                    </math:FunctionArgument>
                                </math:FunctionCall>
                                <ct:SymbRef symbIdRef="epsilon_E"/>
                            </math:Binop>
                        </math:Binop>
                    </math:Equation>
                </ct:Assign>
            </General>
        </ObservationModel>
        <ObservationModel blkId="o2">
            <SimpleParameter symbId="a"/>
            <SimpleParameter symbId="b"/>
            <RandomVariable symbId="epsilon_Cc">
                <ct:VariabilityReference>
                    <ct:SymbRef blkIdRef="obsErr" symbIdRef="residual"/>
                </ct:VariabilityReference>
                <NormalDistribution xmlns="http://www.uncertml.org/3.0"
                    definition="http://www.uncertml.org/distributions/normal">
                    <mean><rVal>0</rVal></mean>
                    <stddev><var varId="sigma_Cc"/></stddev>
                </NormalDistribution>
            </RandomVariable>
            <Standard symbId="Cc">
                <Output>
                    <ct:SymbRef blkIdRef="main" symbIdRef="Cc"/>
                </Output>
                <ErrorModel>
                    <ct:Assign>
                        <math:Equation>
                            <math:FunctionCall>
                                <ct:SymbRef symbIdRef="combinedErrorModel"/>
                                <math:FunctionArgument symbId="a">
                                    <ct:SymbRef symbIdRef="a"/>
                                </math:FunctionArgument>
                                <math:FunctionArgument symbId="b">
                                    <ct:SymbRef symbIdRef="b"/>
                                </math:FunctionArgument>
                                <math:FunctionArgument symbId="f">
                                    <math:Equation>
                                        <ct:SymbRef blkIdRef="main" symbIdRef="Cc"/>
                                    </math:Equation>
                                </math:FunctionArgument>
                            </math:FunctionCall>
                        </math:Equation>
                    </ct:Assign>
                </ErrorModel>
                <ResidualError>
                    <ct:SymbRef symbIdRef="epsilon_Cc"/>
                </ResidualError>
            </Standard>
        </ObservationModel>
    </ModelDefinition>
    <TrialDesign xmlns="http://www.pharmml.org/2013/03/TrialDesign">
        <Structure>
            <Epoch oid="e1">
                <Start>
                    <ct:Real>0</ct:Real>
                </Start>
                <End>
                    <ct:Real>300</ct:Real>
                </End>
                <Order>1</Order>
            </Epoch>
            <Arm oid="a1"/>
            <Arm oid="a2"/>
            <Arm oid="a3"/>
            <Arm oid="a4"/>
            <Cell oid="c1">
                <EpochRef oidRef="e1" />
                <ArmRef oidRef="a1"/>
                <SegmentRef oidRef="ta"/>
            </Cell>
            <Cell oid="c2">
                <EpochRef oidRef="e1" />
                <ArmRef oidRef="a2"/>
                <SegmentRef oidRef="tb"/>
            </Cell>
            <Cell oid="c3">
                <EpochRef oidRef="e1" />
                <ArmRef oidRef="a3"/>
                <SegmentRef oidRef="tc"/>
            </Cell>
            <Cell oid="c4">
                <EpochRef oidRef="e1" />
                <ArmRef oidRef="a4"/>
                <SegmentRef oidRef="td"/>
            </Cell>
            <Segment oid="ta">
                <ActivityRef oidRef="d1"/>
            </Segment>
            <Segment oid="tb">
                <ActivityRef oidRef="d2"/>
            </Segment>
            <Segment oid="tc">
                <ActivityRef oidRef="d3"/>
            </Segment>
            <Segment oid="td">
                <ActivityRef oidRef="d4"/>
            </Segment>
            <Activity oid="d1">
                <Bolus>
                    <DoseAmount inputType="target">
                        <ct:SymbRef blkIdRef="main" symbIdRef="Ad"/>
                        <ct:Assign>
                            <Equation xmlns="http://www.pharmml.org/2013/03/Maths">
                                <Binop op="times">
                                    <ct:Real>0.25</ct:Real>
                                    <ct:SymbRef blkIdRef="c1" symbIdRef="W"/>
                                </Binop>
                            </Equation>
                        </ct:Assign>
                    </DoseAmount>
                    <DosingTimes>
                        <ct:Assign>
                            <ct:Sequence>
                                <ct:Begin><ct:Int>0</ct:Int></ct:Begin>
                                <ct:StepSize><ct:Int>24</ct:Int></ct:StepSize>
                                <ct:End><ct:Int>192</ct:Int></ct:End>
                            </ct:Sequence>
                        </ct:Assign>
                    </DosingTimes>
                </Bolus>
            </Activity>
            <Activity oid="d2">
                <Bolus>
                    <DoseAmount inputType="target">
                        <ct:SymbRef blkIdRef="main" symbIdRef="Ac"/>
                        <ct:Assign>
                            <Equation xmlns="http://www.pharmml.org/2013/03/Maths">
                                <Binop op="times">
                                    <ct:Real>0.5</ct:Real>
                                    <ct:SymbRef blkIdRef="c1" symbIdRef="W"/>
                                </Binop>
                            </Equation>
                        </ct:Assign>
                    </DoseAmount>
                    <DosingTimes>
                        <ct:Assign>
                            <ct:Sequence>
                                <ct:Begin><ct:Int>0</ct:Int></ct:Begin>
                                <ct:StepSize><ct:Int>48</ct:Int></ct:StepSize>
                                <ct:End><ct:Int>192</ct:Int></ct:End>
                            </ct:Sequence>
                        </ct:Assign>
                    </DosingTimes>
                </Bolus>
            </Activity>
            <Activity oid="d3">
                <Bolus>
                    <DoseAmount inputType="target">
                        <ct:SymbRef blkIdRef="main" symbIdRef="Ad"/>
                        <ct:Assign>
                            <Equation xmlns="http://www.pharmml.org/2013/03/Maths">
                                <Binop op="times">
                                    <ct:Real>0.5</ct:Real>
                                    <ct:SymbRef blkIdRef="c1" symbIdRef="W"/>
                                </Binop>
                            </Equation>
                        </ct:Assign>
                    </DoseAmount>
                    <DosingTimes>
                        <ct:Assign>
                            <ct:Sequence>
                                <ct:Begin><ct:Int>0</ct:Int></ct:Begin>
                                <ct:StepSize><ct:Int>24</ct:Int></ct:StepSize>
                                <ct:End><ct:Int>192</ct:Int></ct:End>
                            </ct:Sequence>
                        </ct:Assign>
                    </DosingTimes>
                </Bolus>
            </Activity>
            <Activity oid="d4">
                <Bolus>
                    <DoseAmount inputType="target">
                        <ct:SymbRef symbIdRef="Ad"/>
                        <ct:Assign>
                            <Equation xmlns="http://www.pharmml.org/2013/03/Maths">
                                <Binop op="times">
                                    <ct:Real>1</ct:Real>
                                    <ct:SymbRef blkIdRef="c1" symbIdRef="W"/>
                                </Binop>
                            </Equation>
                        </ct:Assign>
                    </DoseAmount>
                    <DosingTimes>
                        <ct:Assign>
                            <ct:Sequence>
                                <ct:Begin><ct:Int>0</ct:Int></ct:Begin>
                                <ct:StepSize><ct:Int>48</ct:Int></ct:StepSize>
                                <ct:End><ct:Int>192</ct:Int></ct:End>
                            </ct:Sequence>
                        </ct:Assign>
                    </DosingTimes>
                </Bolus>
            </Activity>
            <!-- If no ObservationsEvent present then assume 1 occasion and all arms are part of that occasion -->
        </Structure>
        <Population>
            <ct:VariabilityReference>
                <ct:SymbRef blkIdRef="model" symbIdRef="indiv"/>
            </ct:VariabilityReference>
            <IndividualTemplate>
                <IndividualMapping>
                    <ds:ColumnRef columnIdRef="id"/>
                </IndividualMapping>
                <ArmMapping>
                    <ds:ColumnRef columnIdRef="arm"/>
                </ArmMapping>
                <ReplicateMapping>
                    <ds:ColumnRef columnIdRef="reps"/>
                </ReplicateMapping>
            </IndividualTemplate>
            <ds:DataSet>
                <ds:Definition>
                    <ds:Column columnId="id" valueType="string" columnNum="1"/>
                    <ds:Column columnId="arm" valueType="string" columnNum="2"/>
                    <ds:Column columnId="reps" valueType="int" columnNum="3"/>
                </ds:Definition>
                <ds:Table>
                    <ds:Row>
                        <ct:String>i1</ct:String><ct:String>a1</ct:String><ct:Int>20</ct:Int>
                    </ds:Row>
                    <ds:Row>
                        <ct:String>i2</ct:String><ct:String>a2</ct:String><ct:Int>20</ct:Int>
                    </ds:Row>
                    <ds:Row>
                        <ct:String>i3</ct:String><ct:String>a3</ct:String><ct:Int>40</ct:Int>
                    </ds:Row>
                    <ds:Row>
                        <ct:String>i4</ct:String><ct:String>a4</ct:String><ct:Int>40</ct:Int>
                    </ds:Row>
                </ds:Table>
            </ds:DataSet>
        </Population>
    </TrialDesign>
    <ModellingSteps xmlns="http://www.pharmml.org/2013/03/ModellingSteps">
        <SimulationStep oid="s1">
            <ct:VariableAssignment>
                <ct:SymbRef blkIdRef="c1" symbIdRef="pop_W"/>
                <ct:Assign>
                    <ct:Real>70.07</ct:Real>
                </ct:Assign>
            </ct:VariableAssignment>
            <ct:VariableAssignment>
                <ct:Description>This is the: c1.omega_W = 1409/100</ct:Description>
                <ct:SymbRef blkIdRef="c1" symbIdRef="omega_W"/>
                <ct:Assign>
                    <math:Equation>
                        <!-- 1409/100 = 14.09 -->
                        <math:Binop op="divide">
                            <ct:Real>1409</ct:Real>
                            <ct:Real>100</ct:Real>
                        </math:Binop>
                    </math:Equation>
                </ct:Assign>
            </ct:VariableAssignment>
            <ct:VariableAssignment>
                <ct:SymbRef blkIdRef="c1" symbIdRef="omega_W"/>
                <ct:Assign>
                    <ct:Real>1.0</ct:Real>
                </ct:Assign>
            </ct:VariableAssignment>
            <ct:VariableAssignment>
                <ct:SymbRef blkIdRef="p1" symbIdRef="pop_ka"/>
                <ct:Assign>
                    <ct:Real>1</ct:Real>
                </ct:Assign>
            </ct:VariableAssignment>
            <ct:VariableAssignment>
                <ct:SymbRef blkIdRef="p1" symbIdRef="omega_ka"/>
                <ct:Assign>
                    <ct:Real>0.6</ct:Real>
                </ct:Assign>
            </ct:VariableAssignment>
            <ct:VariableAssignment>
                <ct:SymbRef blkIdRef="p1" symbIdRef="pop_V"/>
                <ct:Assign>
                    <ct:Real>8</ct:Real>
                </ct:Assign>
            </ct:VariableAssignment>
            <ct:VariableAssignment>
                <ct:SymbRef blkIdRef="p1" symbIdRef="omega_V"/>
                <ct:Assign>
                    <ct:Real>0.2</ct:Real>
                </ct:Assign>
            </ct:VariableAssignment>
            <ct:VariableAssignment>
                <ct:SymbRef blkIdRef="p1" symbIdRef="pop_Cl"/>
                <ct:Assign>
                    <ct:Real>0.13</ct:Real>
                </ct:Assign>
            </ct:VariableAssignment>
            <ct:VariableAssignment>
                <ct:SymbRef blkIdRef="p1" symbIdRef="omega_Cl"/>
                <ct:Assign>
                    <ct:Real>0.2</ct:Real>
                </ct:Assign>
            </ct:VariableAssignment>
            <ct:VariableAssignment>
                <ct:SymbRef blkIdRef="p1" symbIdRef="beta_V"/>
                <ct:Assign>
                    <ct:Real>1</ct:Real>
                </ct:Assign>
            </ct:VariableAssignment>
            <ct:VariableAssignment>
                <ct:SymbRef blkIdRef="p1" symbIdRef="beta_Cl"/>
                <ct:Assign>
                    <ct:Real>0.75</ct:Real>
                </ct:Assign>
            </ct:VariableAssignment>
            <ct:VariableAssignment>
                <ct:SymbRef blkIdRef="p1" symbIdRef="rho_V_Cl"/>
                <ct:Assign>
                    <ct:Real>0.7</ct:Real>
                </ct:Assign>
            </ct:VariableAssignment>
            <ct:VariableAssignment>
                <ct:SymbRef blkIdRef="p1" symbIdRef="pop_Imax"/>
                <ct:Assign>
                    <ct:Real>0.9</ct:Real>
                </ct:Assign>
            </ct:VariableAssignment>
            <ct:VariableAssignment>
                <ct:SymbRef blkIdRef="p1" symbIdRef="omega_Imax"/>
                <ct:Assign>
                    <ct:Real>2</ct:Real>
                </ct:Assign>
            </ct:VariableAssignment>
            <ct:VariableAssignment>
                <ct:SymbRef blkIdRef="p1" symbIdRef="pop_IC50"/>
                <ct:Assign>
                    <ct:Real>0.4</ct:Real>
                </ct:Assign>
            </ct:VariableAssignment>
            <ct:VariableAssignment>
                <ct:SymbRef blkIdRef="p1" symbIdRef="omega_IC50"/>
                <ct:Assign>
                    <ct:Real>0.4</ct:Real>
                </ct:Assign>
            </ct:VariableAssignment>
            <ct:VariableAssignment>
                <ct:SymbRef blkIdRef="p1" symbIdRef="pop_kout"/>
                <ct:Assign>
                    <ct:Real>0.05</ct:Real>
                </ct:Assign>
            </ct:VariableAssignment>
            <ct:VariableAssignment>
                <ct:SymbRef blkIdRef="p1" symbIdRef="omega_kout"/>
                <ct:Assign>
                    <ct:Real>0.05</ct:Real>
                </ct:Assign>
            </ct:VariableAssignment>
            <ct:VariableAssignment>
                <ct:SymbRef blkIdRef="p1" symbIdRef="pop_Rin"/>
                <ct:Assign>
                    <ct:Real>5</ct:Real>
                </ct:Assign>
            </ct:VariableAssignment>
            <ct:VariableAssignment>
                <ct:SymbRef blkIdRef="p1" symbIdRef="omega_Rin"/>
                <ct:Assign>
                    <ct:Real>0.05</ct:Real>
                </ct:Assign>
            </ct:VariableAssignment>
            <Observations>
                <Timepoints>
                    <ct:Vector>
                        <ct:Real>0.5</ct:Real>
                        <ct:Sequence>
                            <ct:Begin><ct:Int>4</ct:Int></ct:Begin>
                            <ct:StepSize><ct:Int>4</ct:Int></ct:StepSize>
                            <ct:End><ct:Int>48</ct:Int></ct:End>
                        </ct:Sequence>
                        <ct:Sequence>
                            <ct:Begin><ct:Int>52</ct:Int></ct:Begin>
                            <ct:StepSize><ct:Int>24</ct:Int></ct:StepSize>
                            <ct:End><ct:Int>192</ct:Int></ct:End>
                        </ct:Sequence>
                        <ct:Sequence>
                            <ct:Begin><ct:Int>192</ct:Int></ct:Begin>
                            <ct:StepSize><ct:Int>4</ct:Int></ct:StepSize>
                            <ct:End><ct:Int>250</ct:Int></ct:End>
                        </ct:Sequence>
                    </ct:Vector>
                </Timepoints>
                <Continuous>
                    <ct:SymbRef blkIdRef="main" symbIdRef="Cc"/>
                    <ct:SymbRef blkIdRef="o1" symbIdRef="Cc"/>
                </Continuous>
            </Observations>
            <Observations>
                <Timepoints>
                    <ct:Sequence>
                        <ct:Begin><ct:Int>0</ct:Int></ct:Begin>
                        <ct:StepSize><ct:Int>24</ct:Int></ct:StepSize>
                        <ct:End><ct:Int>288</ct:Int></ct:End>
                    </ct:Sequence>
                </Timepoints>
                <Continuous>
                    <ct:SymbRef blkIdRef="o1" symbIdRef="E"/>
                </Continuous>
            </Observations>
        </SimulationStep>
        <StepDependencies>
            <Step>
                <ct:OidRef oidRef="s1"/>
            </Step>
        </StepDependencies>
    </ModellingSteps>
</PharmML>